subreddit,threshold_source,sample_count,positive_upvote_samples,positive_comment_samples,alive_upvote_velocity_threshold,alive_comment_velocity_threshold,surging_upvote_velocity_threshold,surging_comment_velocity_threshold,dead_upvote_velocity_threshold,dead_comment_velocity_threshold
__global__,global_empirical,64204,46173,27853,3.995918768360474,1.0025411549897352,59.05729698611296,11.004502598662306,0.9995337075301003,0.3333572824055164
Games,subreddit_empirical,10636,5948,2936,1.5031831213704743,0.999645285866763,7.992885460343997,4.999770323050785,0.49958964461195643,0.25002165901170526
news,subreddit_empirical,13727,10245,4974,4.002137890922902,1.0004932748667963,59.99147928613548,10.506316724104156,0.9999504946731208,0.25019191802438956
politics,subreddit_empirical,12621,10210,7524,5.983634972763079,1.9945720476270574,111.96133554877002,13.988348741115374,1.4908788028955273,0.5012521297345817
technology,subreddit_empirical,13909,9197,5684,3.9946598089409635,1.0003130829902798,54.06823029932196,8.005242168551314,0.9993656901144696,0.25034594532875754
worldnews,subreddit_empirical,13311,10573,6735,4.9978819906285095,1.501310783917123,82.02161774841608,14.502628024530658,1.0008268303057826,0.49826793139745806
