segment,row_count,upvote_mae,upvote_rmse,upvote_median_ae,upvote_r2,comment_mae,comment_rmse,comment_median_ae,comment_r2,recommendation_exact_match_rate,predicted_surge_count,predicted_surge_precision,predicted_active_count,predicted_active_precision,predicted_die_count,predicted_die_precision
games,9566,4.1934505747794,17.951987933061744,1.7023387140991053,0.31786725918662995,1.1890013139536406,6.966794572627901,0.0,0.17486546309097428,0.35803888772736775,1218,0.6403940886699507,3747,0.5561782759540966,4654,0.3450795015040825
news,11998,32.61157205492943,185.97417095724956,4.198627060893097,0.40874805078372123,3.444215080863308,25.81785204205184,0.0,0.15805434994570278,0.43907317886314384,1643,0.8381010346926354,5698,0.684977184977185,4106,0.25621042377009257
politics,14867,39.98498156552511,211.91333417494312,3.4989268203744652,0.4487278333393795,4.135160318173681,16.026530765129138,0.7975332451277113,0.34027547549696646,0.4620972623932199,1832,0.75382096069869,6188,0.7482223658694247,5409,0.2477352560547236
technology,11758,17.608479727510964,135.10211277229254,2.700311879271276,0.4538253825345442,2.014439832610286,10.091261553537251,0.0,0.3913559355229943,0.493536315699949,1518,0.7806324110671937,5017,0.7550328881801873,4626,0.3986165153480329
worldnews,13509,37.42807366579382,219.34644525872164,4.0,0.37749824931613263,4.668418967050901,23.665300586030074,0.0,0.49716871501359383,0.4733881116292842,1853,0.7949271451699946,6309,0.7704866064352512,4574,0.2595102754700481
