subreddit,post_count,alive_or_surging_count,cooling_count,dying_count,dead_count,total_current_attention_score,avg_current_attention_score,max_current_attention_score,total_general_popularity_score,avg_general_popularity_score,max_general_popularity_score,top_current_attention_post_id,top_current_attention_title,top_current_attention_score,top_general_popularity_score,top_latest_activity_state,top_last_listing_type
politics,2958,835,1395,783,418,14503.988945033252,4.9033093120464,45.64879439081219,78182.17227864193,26.43075465809396,81.44457977622402,t3_1sb8ttw,Amy Coney Barrett Unraveled the Case Against Birthright Citizenship With One Question,45.64879439081219,78.56373803856214,surging,rising
worldnews,1616,509,634,431,458,10017.846681437459,6.199162550394467,49.060047768878384,55240.62151256591,34.18355291619177,83.1344371139629,t3_1sc8c4q,"Misogyny among male pupils a 'ticking time bomb' in UK schools, warns union",49.060047768878384,74.21185850636556,surging,new
news,626,173,126,34,308,4222.257648857135,6.744820525330887,49.604908640301424,26004.50063350542,41.54073583627064,79.34706548627759,t3_1sdbkrv,Iran Is Piercing Israel's Ballistic Missile Defenses With High Altitude Cluster Warhead Releases,49.604908640301424,75.71631608429296,surging,new
technology,1037,181,234,133,613,3831.6444178952593,3.6949319362538664,41.85792715701954,31345.288177760314,30.226893131880725,78.87098780675434,t3_1seun32,NIH Scientists Discover Powerful New Opioid That Relieves Pain Without Dangerous Side Effects,41.85792715701954,65.31056914193091,surging,new
Games,589,79,39,9,370,581.1089742176191,0.9866026726954484,22.917583273850923,11393.375051658246,19.343590919623505,58.74864018626921,t3_1scgdvh,Take-Two lays off AI team,22.917583273850923,33.06402294318929,surging,new
